{"lrm":0.0028530670470755526,"arc_easy_acc":0.44140625,"val_loss":1.0197583436965942,"num_tokens":10009,"_wandb":{"runtime":137},"_timestamp":1.764536568212948e+09,"_runtime":137,"mmlu_acc":0.34765625,"step":700,"_step":711,"train_loss":0.7815195918083191}