{"train/lrm":0.02336448598130841,"total_training_time":10344.384447336197,"total_training_flops":3.917669880928666e+19,"_wandb":{"runtime":10976},"val/bpb":0.8162762436389435,"_step":311,"train/tok_per_sec":1096204,"_runtime":10976,"train/loss":2.7231572639015114,"step":21400,"train/dt":0.4782755374908447,"_timestamp":1.7645351243143132e+09,"core_metric":0.2270785517087096,"train/grad_norm":0.1830839216709137,"centered_results":{"boolq":-0.07894728058262875,"hellaswag":0.2666666905085246,"squad":0.23600001633167267,"arc_challenge":0.16533335049947104,"bigbench_operators":0.17619048058986664,"agi_eval_lsat_ar":0.07608695328235625,"bigbench_qa_wikidata":0.5260000228881836,"lambada_openai":0.406000018119812,"winograd":0.2893773317337036,"jeopardy":0.12400000542402267,"piqa":0.3880000114440918,"coqa":0.20000000298023224,"bigbench_language_identification":0.2035203772147234,"bigbench_cs_algorithms":0.39400002360343933,"bigbench_dyck_languages":0.12000000476837158,"copa":0.31999993324279785,"openbook_qa":0.11200002829233806,"winogrande":0.12400007247924805,"hellaswag_zeroshot":0.24800002574920654,"commonsense_qa":0.14750002324581143,"bigbench_repeat_copy_logic":0,"arc_easy":0.5520000457763672},"train/mfu":48.37819017141064}